Chi,Na,Nb,Nn,Pa,Pb,Pn
0.0001,12.51832625367631,-1.5100014612587667,21.428824245371963,11.520255641982683,-1.3727286011443345,21.428824245371963
0.0001250576959893,12.338996330434153,-1.486968840439614,19.776524687493783,11.318103203942172,-1.351789854945109,19.776524687493783
0.0001563942732616,12.184788246392706,-1.4604306915546132,18.24765681389455,11.12111966914831,-1.3276642650496528,18.24765681389455
0.0001955830748003,12.021840123581526,-1.4304431305701062,16.83309176523831,10.928945571740208,-1.3004028459781014,16.83309176523831
0.0002445916870905,11.815369437296908,-1.3970485623942084,15.52438116730943,10.74124597722648,-1.270044173306006,15.52438116730943
0.0003058807284569,11.612597629575752,-1.3602684608549354,14.313706555123247,10.557724993422498,-1.2366076917589082,14.313706555123247
0.0003825273914837,11.415949214803497,-1.3200972068323238,13.19383253334192,10.378135656200284,-1.2000883699541935,13.19383253334192
0.0004783799423177,11.222513983564365,-1.2764981316488286,12.158063391902726,10.2022854452728,-1.1604528470906215,12.158063391902726
0.0005982509339378,11.033042585124555,-1.2293998864354516,11.200202916332598,10.030038718939242,-1.1176362605940704,11.200202916332598
0.0007481588342175,10.847447295772618,-1.1786938063924226,10.314517151383681,9.861315733620335,-1.0715398241205938,10.314517151383681
0.0009356302004133,10.665697988263027,-1.1242318000940346,9.495699894303362,9.696089107911305,-1.022028909205198,9.495699894303362
0.0011700775716176,10.487814880988804,-1.0658013450277135,8.73884071050061,9.534377168969662,-0.9689316164220588,8.73884071050061
0.0014632720523533,10.31385762253798,-1.0032416817216987,8.039395279599653,9.376234219165312,-0.9120379021727022,8.039395279599653
0.0018299343147294,10.143911783456296,-0.9362090175252695,7.3931578940135445,9.221737987559372,-0.8510991078937511,7.3931578940135445
0.0022884736921194,9.978067644007936,-0.8644118473716731,6.796235945300723,9.070971863390055,-0.7858289547119427,6.796235945300723
0.0028619124726873,9.816403031267253,-0.7874956303597043,6.245026245736444,8.92400310011633,-0.7159057601667757,6.245026245736444
0.0035790417995751,9.658940607974177,-0.7050744545603582,5.736193043816699,8.780855146957933,-0.6409767873273917,5.736193043816699
0.004475867213045,9.505619623990365,-0.6166725062448886,5.266647602839226,8.641472387558334,-0.5606663323824163,5.266647602839226
0.0055974164121776,9.356245912735222,-0.5220465147075135,4.833529221312532,8.505678120450739,-0.47458774177120316,4.833529221312532
0.007,9.21043517091361,-0.42059814387989825,4.434187582741512,8.373123723135077,-0.38236198217897416,4.434187582741512
0.0075,9.166075380551995,-0.387870778056826,4.317403693444179,8.332795801978365,-0.35260979894836164,4.317403693444179
0.0078608485061601,9.136009488553618,-0.36518520404210675,4.239532529029439,8.30546319254894,-0.3319865498986168,4.239532529029439
0.0082390585649066,9.106053513650181,-0.3421763475260376,4.162990898836737,8.278231063883265,-0.31106942861089476,4.162990898836737
0.0086354654949483,9.076199777311395,-0.3188414843440741,4.087757874161511,8.251090953542183,-0.28985595110353213,4.087757874161511
0.0090509448047949,9.046437225110385,-0.29517815999856767,4.013812854017814,8.224033848604599,-0.26834378214826454,4.013812854017814
0.0094864141264147,9.016754954320863,-0.2711839256976176,3.941135559433315,8.197049965776724,-0.24653084430748679,3.941135559433315
0.0099428352419258,8.98714155012679,-0.24685686938200985,3.8697060278266924,8.170128684247137,-0.22441533731222693,3.8697060278266924
0.0104212162077985,8.957579050394415,-0.2221951988250338,3.7995046074657304,8.143258762189147,-0.20199567985599268,3.7995046074657304
0.0109226135812593,8.928070966447976,-0.1971976373048065,3.7305119520047567,8.116428166530632,-0.1792705795162654,3.7305119520047567
0.0114481347538142,8.89858622276686,-0.17186308330895525,3.6627090150999346,8.089623850973398,-0.15623916759320997,3.6627090150999346
0.0119989403970454,8.869115244008789,-0.1461909481080227,3.5960770451009254,8.062832044236224,-0.13290086215656843,3.5960770451009254
0.0125762470260825,8.839641639201767,-0.12018116582750601,3.5305975798175635,8.03603788142365,-0.10925560556110822,3.5305975798175635
0.0131813296864109,8.810148258915746,-0.0938340744578595,3.466252441360021,8.009225690326495,-0.08530370560403758,3.466252441360021
0.0138155247699503,8.78061624834568,-0.06715079530449627,3.40302373105121,7.98237841739692,-0.061046177909563515,3.40302373105121
0.0144802329666243,8.75102585145337,-0.04013302993592685,3.3408938244098665,7.955478047326935,-0.03648457300555233,3.3408938244098665
0.0151769223579386,8.72135566554315,-0.012783324523967295,3.279845366203099,7.928505164911519,-0.01162120600044865,3.279845366203099
0.0159071316594014,8.691582853935326,0.013269203838766348,3.2198612655669225,7.901438958456687,0.01354075710950189,3.2198612655669225
0.0166724736189464,8.661682721260247,0.03821508482030725,3.16092469119351,7.874257019660013,0.0389971536919959,3.16092469119351
0.0174746385788652,8.631628678399089,0.06150554361281063,3.1030190665837534,7.846935162180991,0.06474267748716911,3.1030190665837534
0.0183153982091148,8.601392201369684,0.08169372860426413,3.0461280653638854,7.819447455790622,0.09077080956029346,3.0461280653638854
0.0191966094202465,8.570942479192123,0.10536625097583131,2.990235606664798,7.791765901428237,0.11707361138324449,2.990235606664798
0.0201202184645979,8.540246546195693,0.12927747512064947,2.935325850562791,7.763860499185581,0.14364163803841876,2.935325850562791
0.0210882652348067,8.509268937797483,0.1534174382018317,2.8813831935803966,7.735699063408209,0.17046381900460755,2.8813831935803966
0.0221028877691385,8.477972197494656,0.17777471463457412,2.8283922642461232,7.707247461150599,0.1975274588558572,2.8283922642461232
0.0231663269735811,8.446316594689296,0.20233644622127922,2.7763379187117208,7.678469647580678,0.22481827198512197,2.7763379187117208
0.0242809315711323,8.414260613020964,0.22708832568806137,2.7252052364258508,7.649327847707209,0.25232036141372927,2.7252052364258508
0.0254491632892149,8.381761431422625,0.25201490559172324,2.6749795158627903,7.619783136013622,0.28001655711492623,2.6749795158627903
0.0266736022966734,8.348775217154387,0.2770996566306695,2.6256462703050683,7.589795663410024,0.30788850568863124,2.6256462703050683
0.027956952902362,8.315258295065252,0.30232558657960623,2.5771912236787706,7.5593257227865935,0.3359173184217847,2.5771912236787706
0.0293020495279096,8.281167327259997,0.3276753160397202,2.529600306440331,7.528333941711427,0.3640836842135729,2.529600306440331
0.0307118629678531,8.246460787429314,0.3531318893693042,2.482859651513675,7.496782593906143,0.39236871596638134,2.482859651513675
0.0321895069509658,8.211099364017308,0.37867873342859704,2.436955590276515,7.464635815447942,0.4207541031202583,2.436955590276515
0.0337382450172708,8.175047041660097,0.4043007395576086,2.391874648594781,7.431860958327854,0.4492230383509507,2.391874648594781
0.0353614977259304,8.138271697763443,0.4299844150866803,2.347603542903973,7.398428827461571,0.47776045524960375,2.347603542903973
0.0370628502099287,8.10074591344828,0.4810358839279296,2.3041291763364917,7.364314466771164,0.5063535620293996,2.3041291763364917
0.038846060094234,8.062446984175486,0.4814928201850157,2.2614386348938624,7.32949726975777,0.5349920222816618,2.2614386348938624
0.0407150657949289,8.023357450584818,0.5354848049933782,2.2195191836629045,7.293961318713471,0.5636682157825035,2.2195191836629045
0.0426739952176372,7.983418388080608,0.533142862244008,2.178358263074916,7.257694820952366,0.5923769247969335,2.178358263074916
0.0447271748744598,7.942759035409912,0.5590037684706206,2.1379434852069963,7.220690042320895,0.6211152972739398,2.1379434852069963
0.0468791394395547,7.901236680569362,0.5848940762654611,2.0982626301247027,7.182942454784545,0.649882304890039,2.0982626301247027
0.0491346417644663,7.858882372537007,0.6108104359482625,2.059303642265302,7.144449606238121,0.6786778727046672,2.059303642265302
0.0514986633753224,7.815731542234719,0.6367522058316568,2.0210546268609875,7.105210504973247,0.7075024494061384,2.0210546268609875
0.0539764254750864,7.771746499447951,0.6995380059965666,1.983503846401435,7.065224090407228,0.7363557957858597,1.983503846401435
0.0565734004751596,7.726936989436766,0.6887124860924656,1.946639717135355,7.024488184111107,0.7652360940165053,1.946639717135355
0.0592953240818077,7.681294580738662,0.7147256325028153,1.910450805610587,6.982998534789028,0.7941391525915997,1.910450805610587
0.0621482079641013,7.63482243800747,0.7819044586487396,1.874925825252648,6.940747670915883,0.8230573248934101,1.874925825252648
0.0651383530313514,7.587491296064394,0.7667816122956079,1.8400536329816402,6.897724458652221,0.8519789894179526,1.8400536329816402
0.0682723633493641,7.539304894207646,0.8368435680270477,1.8058232258676916,6.8539135401887705,0.8808879663442609,1.8058232258676916
0.0715571607262495,7.490192502905382,0.8188562975714535,1.7722237378252632,6.809295177315025,0.9097631064132773,1.7722237378252632
0.075,7.44023004132575,0.844720465872514,1.7392444363469153,6.7638454975912135,0.9385782926070713,1.7392444363469153
0.085,7.302365908961244,0.9133080702534611,1.6543490737597644,6.638514468067374,1.0147867416912937,1.6543490737597644
0.0893855916395068,7.2449139851591,0.9405665730106929,1.6214002747573462,6.586285451415432,1.0450738627650993,1.6214002747573462
0.0939974587381726,7.18622438431942,0.9675752614683417,1.5891060328872053,6.532931276578113,1.0750836178163903,1.5891060328872053
0.0988472760226081,7.126251695762701,0.9942825553467611,1.5574540488449933,6.478410640480968,1.1047583861297623,1.5574540488449933
0.1039473205792289,7.064952812221024,1.0206350861008342,1.526432171116693,6.422684393783922,1.1340389844808436,1.526432171116693
0.1093105029331278,7.0022882563901625,1.0465789769787968,1.4960283919002482,6.3657166009106,1.1628655170560385,1.4960283919002482
0.1149503997304667,6.938223364226598,1.0720606516453755,1.466230843118448,6.307475789814517,1.1911784885932275,1.466230843118448
0.1208812881071244,6.872728830205776,1.0970272667184542,1.4370277925313544,6.2479353051381565,1.21891917066954,1.4370277925313544
0.1271181818305999,6.805781658509881,1.1214275446112913,1.4084076399579208,6.18707424089944,1.2460305968859902,1.4084076399579208
0.1336768693066657,6.737364974638837,1.145211732983208,1.3803589136180054,6.12487725370533,1.2724574669544022,1.3803589136180054
0.1405739535469805,6.667468309203871,1.2332392580713454,1.3528702666077135,6.061334826548974,1.2981465874435218,1.3528702666077135
0.1478268941988399,6.596087235921809,1.2568943853275365,1.3259304735229127,5.9964429417471,1.3230467213974069,1.3259304735229127
0.1554540517434599,6.52322302686947,1.2797530601049258,1.299528427247915,5.930202751699518,1.3471084843209749,1.299528427247915
0.1634747339746784,6.448881769609887,1.2332557826308275,1.2736531359286625,5.862620235043387,1.3702841637389276,1.2736531359286625
0.1719092448757366,6.373074255352213,1.2532746160032833,1.248293720152351,5.793705378485953,1.3925271052529906,1.248293720152351
0.1807789360178656,6.295819091739709,1.3431020374831784,1.2234394103583097,5.723471901581554,1.4137916184033457,1.2234394103583097
0.1901062606107937,6.217130173201538,1.362330676522563,1.1990795445080535,5.651936521092308,1.4340322910763823,1.1990795445080535
0.1999148303420008,6.1370303504518695,1.3078833610843863,1.1752035660458582,5.579118500562141,1.4532037295803666,1.1752035660458582
0.2102294751486044,6.055542805366057,1.3241338742581987,1.1518010221849138,5.5050389236199315,1.471259859985833,1.1518010221849138
0.2210763060731882,5.9726924277408795,1.3393382825378977,1.1288615625580976,5.429720398374095,1.4881536469598227,1.1288615625580976
0.2324827813626896,5.8885053022063625,1.3534530229705246,1.1063749382767185,5.353186647139365,1.5038366896328046,1.1063749382767185
0.2444777759776721,5.803008313344284,1.4423458640339604,1.0843310014451575,5.27546210304026,1.5182588042462744,1.0843310014451575
0.2570916546879414,5.7162287886534795,1.4547992221614159,1.062719705184167,5.196571626048618,1.531367602275175,1.062719705184167
0.2703563489395462,5.628194520282319,1.4659530366643194,1.0415311042206734,5.116540472983927,1.5431084596466527,1.0415311042206734
0.2843054376877447,5.5389333839922745,1.3980816255411455,1.0207553561071898,5.035393986905401,1.5534240197751892,1.0207553561071898
0.2989742324005647,5.448473533699736,1.4060288381818171,1.0003827231393219,4.953157766023384,1.5622542619904847,1.0003827231393219
0.3143998664481398,5.356843238794324,1.4125825550273157,0.9804035750452682,4.869857497791083,1.5695361695842105,0.9804035750452682
0.3306213891041047,5.264071225396707,1.4176835558782848,0.9608083925265396,4.785519303655097,1.5752039482978661,0.9608083925265396
0.3476798643970117,5.170186716501852,1.421269973237886,0.9415877717342266,4.700169749974551,1.579188856468436,0.9415877717342266
0.3656184750620047,5.075219842173755,1.5023484802392009,0.9227324297698203,4.61383622015796,1.5814194528833694,0.9227324297698203
0.3844826318559006,4.979201855894588,1.502730601868404,0.9042332113036347,4.526547141722353,1.5818216861772674,0.9042332113036347
0.4043200885124043,4.882165767068131,1.4222875442367482,0.8860810964069982,4.43833252249898,1.5803193314220285,0.8860810964069982
0.4251810626284591,4.784146666995474,1.4191508180010803,0.8682672096962633,4.349224268076513,1.5768342330624954,0.8682672096962633
0.4471183627877532,4.6851824524785,1.4141582217304034,0.850782830886915,4.259256786784898,1.5712869042099311,0.850782830886915
0.4701875222431879,4.585314174293877,1.407238661484179,0.8336194068542244,4.168467496089641,1.5635970530851855,0.8336194068542244
0.494446939496719,4.484587230028648,1.3983159620228904,0.8167685652924368,4.07689748385618,1.5536844009022261,0.8167685652924368
0.5199580261324431,4.383051340637672,1.4643959900649954,0.800222130056852,3.984592127852429,1.5414694632263113,0.800222130056852
0.5467853622771597,4.280761942562599,1.3741870760131973,0.7839721382616859,3.8916017678914976,1.5268745170586386,0.7839721382616859
0.5749968600819527,4.177780646862859,1.358842330716179,0.7680108591905824,3.7979824163425997,1.509824808984169,0.7680108591905824
0.6046639356386361,4.074176079736714,1.3412247469720917,0.7523308150553534,3.703796438011414,1.4902496982998639,0.7523308150553534
0.6358616897662607,3.970024525132432,1.3946798525603212,0.7369248036111498,3.6091132046658476,1.4680840553266543,0.7369248036111498
0.6686690981253383,3.8654047191553733,1.2989435218266836,0.7217859226020626,3.514009742686193,1.443269751585437,0.7217859226020626
0.7031692111410448,3.7604284264587133,1.2741814917483933,0.7069075959693831,3.418571299721192,1.4157572031869057,0.7069075959693831
0.7394493642415008,3.6551810369636435,1.2469564152457377,0.6922836017047636,3.3228918579089255,1.3855071253422468,0.6922836017047636
0.7776013989433379,3.5497819144065907,1.2172429193162642,0.6779081011718453,3.2270744747038074,1.3524921311016742,0.6779081011718453
0.8177218953442169,3.44435473524499,1.1850331700492116,0.6637756696522767,3.131231580883999,1.3166985768992978,0.6637756696522767
0.8599124166108434,3.339033569222667,1.1503156660352158,0.6498813277955143,3.0354850827851534,1.278128334260669,0.6498813277955143
0.9042797660813922,3.2339628362452144,1.1131202988513036,0.6362205735668425,2.9399662147683774,1.2368003320570038,0.6362205735668425
0.9509362576331772,3.129296883521764,1.0734771383002553,0.6227894141956607,2.8448153502487226,1.192752365792161,0.6227894141956607
1.0,3.025199587793618,1.0314381891624218,0.6095843975279218,2.7501814449883377,1.146042422701092,0.6095843975279218
1.25,2.574942822009792,0.8183987408457695,0.5536783242685748,2.340857142352353,0.9093317523707649,0.5536783242685748
1.4020662751794546,2.35432465644368,0.6945505033889328,0.5265909219906114,2.1402951496731424,0.7717227585940493,0.5265909219906114
1.5726318719964725,2.14420390919026,0.5952537428055253,0.5006523430201825,1.9492762810820548,0.6265828871637109,0.5006523430201825
1.76394728879887,1.9467203618277225,0.4531719874340552,0.47589253709825097,1.7697457834797479,0.47702314466742657,0.47589253709825097
1.978536803855304,1.7637306702926676,0.2938709866508479,0.45235719952478026,1.6033915185348038,0.3265233052790667,0.45235719952478026
2.2192317815094955,1.5966876713376768,0.17515295898102518,0.4301042629734426,1.4515342467319114,0.17873745127372406,0.4301042629734426
2.4892080301287067,1.4465572951205015,0.0365300395391806,0.40919874691026703,1.3150520865287154,0.037277624084380095,0.40919874691026703
2.7920277047594757,1.3137851150071396,-0.10394451817016642,0.3897062242204735,1.1943501050753589,-0.09449502650047387,0.3897062242204735
3.131686307367968,1.1983149227484213,-0.2350086886374525,0.37168546422560844,1.0893772025534594,-0.21364426628328947,0.37168546422560844
3.512665404801527,1.0996523522597799,-0.34955564130170147,0.35518106330594806,0.9996839575322904,-0.317777867555464,0.35518106330594806
3.939991760049448,1.0169590060736633,-0.44561448201419884,0.3402169980757493,0.9245081891875971,-0.40510408171558066,0.3402169980757493
4.419303657000218,0.9491596833665746,-0.5218724753360524,0.32679197410763217,0.8628724398119154,-0.4744295406874216,0.32679197410763217
4.956925293805791,0.8950465040420816,-0.5776225868259153,0.31487718919260055,0.8136786420546613,-0.525111445183094,0.31487718919260055
5.559950226423288,0.8533679100912748,-0.6126800584954375,0.3044167385534136,0.7757890107422155,-0.5569818743279458,0.3044167385534136
6.2363349633155725,0.8228961033741538,-0.6272871793590775,0.2953304597317746,0.7480873682161054,-0.570261075183846,0.2953304597317746
6.995003946229813,0.8024715385664423,-0.6220209648725015,0.287518655496655,0.7295195819897375,-0.5654736074432611,0.287518655496655
7.845967302204818,0.7910267054842104,-0.5977137178375612,0.28086792293633017,0.7191151885858912,-0.5433761098300603,0.28086792293633017
8.800452920465684,0.7875935570164374,-0.5553904650333285,0.2752572820255493,0.7159941445099984,-0.5049004240448133,0.2752572820255493
9.87105459687158,0.7912995242621298,-0.496223099112755,0.27056391139398545,0.7193632041979289,-0.45111192507126596,0.27056391139398545
11.071898200583014,0.8013567233902174,-0.4214984187268057,0.2666680041723999,0.7285061132620774,-0.3831803829874555,0.2666680041723999
12.418828055406031,0.8170482032279509,-0.33259497145806816,0.2634564873770202,0.7427711054811466,-0.302359081429529,0.2634564873770202
13.9296159949898,0.8377144391261406,-0.230963106597258,0.26082555268824525,0.7615586200757561,-0.2099664791219253,0.26082555268824525
15.6241958502204,0.8627423833256711,-0.11810098758619966,0.2586820959075802,0.7843112579574656,-0.10736531949118547,0.2586820959075802
17.524926462714244,0.8915581526452931,0.003658798221021783,0.2569442498594729,0.8105074121754661,0.00406531441411857,0.2569442498594729
19.6568866946973,0.9236251333955807,0.11073750433881002,0.2555412290640106,0.8396592121975801,0.12296711895409501,0.2555412290640106
22.04820632772707,0.9584461904630517,0.23564608038692125,0.25441269920093246,0.8713147186027743,0.24804850567044345,0.25441269920093246
24.73043721624349,0.9955695822946442,0.34032116990291894,0.2535078560733831,0.905063257301311,0.3781346222522173,0.2535078560733831
27.738969593070298,1.0345966011432948,0.46099391622361174,0.2527843605423701,0.9405423721881612,0.5122153971991167,0.2527843605423701
31.113499019737795,1.075188774479909,0.584535269326885,0.2522072367823185,0.9774443431063853,0.6494836127374284,0.2522072367823185
34.89855014272272,1.1170722514938416,0.7104199461641727,0.25174780642290734,1.0155202392916858,0.7893554907330214,0.25174780642290734
39.14406416621653,1.0988128975366753,0.838322293814276,0.2513827029758548,1.0545799839589582,0.9314692153491911,0.2513827029758548
43.90605779273021,1.0813783095823595,0.9680921417924244,0.25109298976005373,1.0944871986870726,1.07565793532491,0.25109298976005373
49.24736232581371,1.0740928141673607,1.0997094620128784,0.2508633896342496,1.135148804867525,1.2218994022365302,0.2508633896342496
55.23845268685333,1.0757401941817415,1.2332215304666279,0.25068162507083314,1.1764999342314466,1.3702461449629182,0.25068162507083314
61.95837728426638,1.096637377065266,1.3686712107627517,0.25053786122930344,1.2184859558282737,1.5207457882074462,0.25053786122930344
69.49580100409175,1.1349395371548938,1.506025678657682,0.2504242416083082,1.2610439280453312,1.67336186165699,0.2504242416083082
77.95017508353564,1.1736784840734509,1.6451204593691116,0.25033450466847557,1.3040872043780523,1.8279116114871445,0.25033450466847557
87.43304930316735,1.2127459180781304,1.7856267558383923,0.25026366983616055,1.34749545880987,1.98402972845018,0.25026366983616055
98.06954381125875,1.2520014246108628,2.30175610961801,0.25020778202337085,1.3911126940120693,2.1411684740632646,0.25020778202337085
109.99999999999996,1.2912783390547047,2.0687706734408673,0.25016370488916145,1.4347537093501805,2.29863406059366,0.25016370488916145
